"","a","b","weigth"
"1","AskReddit",NA,223
"2","AskReddit",NA,223
"3","HistoryMemes",NA,181
"4","HistoryMemes",NA,181
"5","ChapoTrapHouse",NA,111
"6","ChapoTrapHouse",NA,111
"7","dankmemes",NA,109
"8","dankmemes",NA,109
"9",NA,"worldnews",105
"10",NA,"worldnews",105
"11",NA,"todayilearned",103
"12",NA,"todayilearned",103
"13",NA,"unpopularopinion",101
"14",NA,"unpopularopinion",101
"15","ireland",NA,89
"16","ireland",NA,89
"17",NA,"teenagers",89
"18",NA,"teenagers",89
"19",NA,"me_irl",87
"20",NA,"me_irl",87
"21","europe",NA,86
"22","europe",NA,86
"23",NA,"pics",85
"24",NA,"pics",85
"25",NA,"memes",84
"26",NA,"memes",84
"27","gaming",NA,81
"28","gaming",NA,81
"29",NA,"politics",80
"30",NA,"politics",80
"31",NA,"trashy",78
"32",NA,"trashy",78
"33",NA,"news",77
"34",NA,"Showerthoughts",77
"35",NA,"news",77
"36",NA,"Showerthoughts",77
"37","funny",NA,73
"38","funny",NA,73
"39","BlackPeopleTwitter",NA,67
"40","BlackPeopleTwitter",NA,67
"41",NA,"starterpacks",67
"42",NA,"starterpacks",67
"43",NA,"vexillology",66
"44",NA,"vexillology",66
"45","insanepeoplefacebook",NA,65
"46","MapPorn",NA,65
"47","insanepeoplefacebook",NA,65
"48","MapPorn",NA,65
"49",NA,"PoliticalHumor",65
"50",NA,"PoliticalHumor",65
"51","aww",NA,64
"52","COMPLETEANARCHY",NA,64
"53","aww",NA,64
"54","COMPLETEANARCHY",NA,64
"55","iamatotalpieceofshit",NA,61
"56","iamatotalpieceofshit",NA,61
"57","fakehistoryporn",NA,60
"58","fakehistoryporn",NA,60
"59",NA,"PublicFreakout",60
"60",NA,"WTF",60
"61",NA,"PublicFreakout",60
"62",NA,"WTF",60
"63","interestingasfuck",NA,59
"64","interestingasfuck",NA,59
"65",NA,"PewdiepieSubmissions",58
"66",NA,"PewdiepieSubmissions",58
"67",NA,"MurderedByWords",57
"68",NA,"MurderedByWords",57
"69",NA,"PrequelMemes",56
"70",NA,"PrequelMemes",56
"71",NA,"mildlyinteresting",54
"72",NA,"mildlyinteresting",54
"73",NA,"waterniggas",53
"74",NA,"waterniggas",53
"75","comedyheaven",NA,51
"76","ENLIGHTENEDCENTRISM",NA,51
"77","comedyheaven",NA,51
"78","ENLIGHTENEDCENTRISM",NA,51
"79",NA,"videos",51
"80",NA,"videos",51
"81","gifs",NA,50
"82","gifs",NA,50
"83","Gamingcirclejerk",NA,49
"84","Gamingcirclejerk",NA,49
"85",NA,"WhitePeopleTwitter",49
"86",NA,"wholesomememes",49
"87",NA,"WhitePeopleTwitter",49
"88",NA,"wholesomememes",49
"89",NA,"ShitLiberalsSay",47
"90",NA,"ShitLiberalsSay",47
"91","gatekeeping",NA,46
"92","greentext",NA,46
"93","gatekeeping",NA,46
"94","greentext",NA,46
"95",NA,"therewasanattempt",46
"96",NA,"therewasanattempt",46
"97","AmItheAsshole",NA,44
"98","AmItheAsshole",NA,44
"99",NA,"nottheonion",43
"100",NA,"SelfAwarewolves",43
"101",NA,"nottheonion",43
"102",NA,"SelfAwarewolves",43
"103","madlads",NA,42
"104","madlads",NA,42
"105","Cringetopia",NA,41
"106","dankchristianmemes",NA,41
"107","Cringetopia",NA,41
"108","dankchristianmemes",NA,41
"109",NA,"ShitAmericansSay",41
"110",NA,"ShitAmericansSay",41
"111","im14andthisisdeep",NA,40
"112","im14andthisisdeep",NA,40
"113",NA,"NoStupidQuestions",39
"114",NA,"ToiletPaperUSA",39
"115",NA,"NoStupidQuestions",39
"116",NA,"ToiletPaperUSA",39
"117","antifastonetoss",NA,38
"118","Libertarian",NA,38
"119","antifastonetoss",NA,38
"120","Libertarian",NA,38
"121","ABoringDystopia",NA,37
"122","ABoringDystopia",NA,37
"123",NA,"science",37
"124",NA,"TopMindsOfReddit",37
"125",NA,"science",37
"126",NA,"TopMindsOfReddit",37
"127",NA,"mildlyinfuriating",34
"128",NA,"thatHappened",34
"129",NA,"mildlyinfuriating",34
"130",NA,"thatHappened",34
"131","assholedesign",NA,33
"132","assholedesign",NA,33
"133",NA,"worldpolitics",33
"134",NA,"worldpolitics",33
"135","ATBGE",NA,32
"136","ATBGE",NA,32
"137","bonehurtingjuice",NA,31
"138","bonehurtingjuice",NA,31
